SQL> 
SQL> --Ruth Kebede
SQL> 
SQL> --class Example
SQL> 
SQL> --DROP TABLE AND RUN AGAIN (opposite order of creation)
SQL> DROP TABLE RESDETAIL_rmk ;

Table dropped.

SQL> DROP TABLE RESERVATION_rmk ;

Table dropped.

SQL> DROP TABLE CUSTOMER_rmk ;

Table dropped.

SQL> DROP TABLE AGENT_rmk ;

Table dropped.

SQL> DROP TABLE ROOM_rmk ;

Table dropped.

SQL> DROP TABLE ROOMTYPE_rmk ;

Table dropped.

SQL> DROP TABLE AGENTTYPE_rmk ;

Table dropped.

SQL> DROP TABLE RATETYPE_rmk ;

Table dropped.

SQL> DROP TABLE CUSTTYPE_rmk ;

Table dropped.

SQL> 
SQL> 
SQL> CREATE TABLE CUSTTYPE_rmk (
  2  CustType CHAR(1),
  3  CustDesc VARCHAR(15) NOT NULL,
  4  PRIMARY KEY (CustType)
  5  );

Table created.

SQL> 
SQL> CREATE TABLE RATETYPE_rmk (
  2  RateType  CHAR(1),
  3  RateDesc VARCHAR(15) NOT NULL,
  4  PRIMARY KEY (RateType)
  5  );

Table created.

SQL> 
SQL> CREATE TABLE AGENTTYPE_rmk (
  2  AgentType CHAR(2),
  3  AgentDesc VARCHAR(20) NOT NULL,
  4  PRIMARY KEY (AgentType)
  5  );

Table created.

SQL> 
SQL> CREATE TABLE ROOMTYPE_rmk (
  2  RoomType CHAR(2),
  3  RoomDesc VARCHAR(15) NOT NULL,
  4  PRIMARY KEY (RoomType)
  5  );

Table created.

SQL> 
SQL> CREATE TABLE ROOM_rmk (
  2  RoomNum  NUMBER(4) NOT NULL,
  3  RoomType CHAR(2) NOT NULL,
  4  PRIMARY KEY (RoomNum)
  5  );

Table created.

SQL> 
SQL> CREATE TABLE AGENT_rmk (
  2  AgentID NUMBER(2),
  3  AgentFName VARCHAR(15) NOT NULL,
  4  AgentLName VARCHAR(15) NOT NULL,
  5  AgentType CHAR(2),
  6  PRIMARY KEY (AgentID)
  7  );

Table created.

SQL> 
SQL> CREATE TABLE CUSTOMER_rmk (
  2  CustID NUMBER(3),
  3  CustFName VARCHAR(15) NOT NULL,
  4  CustLName VARCHAR(15) NOT NULL,
  5  CustPhone CHAR(10),
  6  CustType CHAR(1) NOT NULL,
  7  LoyaltyID NUMBER(4),
  8  PRIMARY KEY (CustID)
  9  );

Table created.

SQL> 
SQL> CREATE TABLE RESERVATION_rmk (
  2  ResNum NUMBER(5),
  3  CheckIn DATE NOT NULL,
  4  CheckOut DATE NOT NULL,
  5  CustID NUMBER(3) NOT NULL,
  6  AgentID NUMBER(2) NOT NULL,
  7  GuestCount NUMBER(1) NOT NULL,
  8  RateType CHAR(2) NOT NULL,
  9  PRIMARY KEY (ResNum)
 10  );

Table created.

SQL> 
SQL> CREATE TABLE RESDETAIL_rmk (
  2  ResNum NUMBER(5),
  3  RoomNum NUMBER(4) NOT NULL,
  4  RateAmt NUMBER(3) NOT NULL,
  5  PRIMARY KEY (ResNum,RoomNum),
  6  FOREIGN KEY (ResNum) REFERENCES RESERVATION_rmk,
  7  FOREIGN KEY (RoomNum) REFERENCES ROOM_rmk
  8  );

Table created.

SQL> 
SQL> --IB
SQL> --Describe all tables
SQL> 
SQL> DESCRIBE CUSTTYPE_rmk
 Name                                      Null?    Type
 ----------------------------------------- -------- ----------------------------
 CUSTTYPE                                  NOT NULL CHAR(1)
 CUSTDESC                                  NOT NULL VARCHAR2(15)

SQL> DESCRIBE RATETYPE_rmk
 Name                                      Null?    Type
 ----------------------------------------- -------- ----------------------------
 RATETYPE                                  NOT NULL CHAR(1)
 RATEDESC                                  NOT NULL VARCHAR2(15)

SQL> DESCRIBE AGENTTYPE_rmk
 Name                                      Null?    Type
 ----------------------------------------- -------- ----------------------------
 AGENTTYPE                                 NOT NULL CHAR(2)
 AGENTDESC                                 NOT NULL VARCHAR2(20)

SQL> DESCRIBE ROOMTYPE_rmk
 Name                                      Null?    Type
 ----------------------------------------- -------- ----------------------------
 ROOMTYPE                                  NOT NULL CHAR(2)
 ROOMDESC                                  NOT NULL VARCHAR2(15)

SQL> DESCRIBE ROOM_rmk
 Name                                      Null?    Type
 ----------------------------------------- -------- ----------------------------
 ROOMNUM                                   NOT NULL NUMBER(4)
 ROOMTYPE                                  NOT NULL CHAR(2)

SQL> DESCRIBE AGENT_rmk
 Name                                      Null?    Type
 ----------------------------------------- -------- ----------------------------
 AGENTID                                   NOT NULL NUMBER(2)
 AGENTFNAME                                NOT NULL VARCHAR2(15)
 AGENTLNAME                                NOT NULL VARCHAR2(15)
 AGENTTYPE                                          CHAR(2)

SQL> DESCRIBE CUSTOMER_rmk
 Name                                      Null?    Type
 ----------------------------------------- -------- ----------------------------
 CUSTID                                    NOT NULL NUMBER(3)
 CUSTFNAME                                 NOT NULL VARCHAR2(15)
 CUSTLNAME                                 NOT NULL VARCHAR2(15)
 CUSTPHONE                                          CHAR(10)
 CUSTTYPE                                  NOT NULL CHAR(1)
 LOYALTYID                                          NUMBER(4)

SQL> DESCRIBE RESERVATION_rmk
 Name                                      Null?    Type
 ----------------------------------------- -------- ----------------------------
 RESNUM                                    NOT NULL NUMBER(5)
 CHECKIN                                   NOT NULL DATE
 CHECKOUT                                  NOT NULL DATE
 CUSTID                                    NOT NULL NUMBER(3)
 AGENTID                                   NOT NULL NUMBER(2)
 GUESTCOUNT                                NOT NULL NUMBER(1)
 RATETYPE                                  NOT NULL CHAR(2)

SQL> DESCRIBE RESDETAIL_rmk
 Name                                      Null?    Type
 ----------------------------------------- -------- ----------------------------
 RESNUM                                    NOT NULL NUMBER(5)
 ROOMNUM                                   NOT NULL NUMBER(4)
 RATEAMT                                   NOT NULL NUMBER(3)

SQL> 
SQL> --IIA
SQL> 
SQL> INSERT INTO CustType_rmk
  2  VALUES ('C', 'Corporate');

1 row created.

SQL> 
SQL> INSERT INTO CustType_rmk
  2  VALUES ('I', 'Individual');

1 row created.

SQL> 
SQL> COMMIT ;

Commit complete.

SQL> 
SQL> INSERT INTO RATETYPE_rmk
  2  VALUES ('C','Corporate');

1 row created.

SQL> 
SQL> INSERT INTO RATETYPE_rmk
  2  VALUES ('S','Standard');

1 row created.

SQL> 
SQL> INSERT INTO RATETYPE_rmk
  2  VALUES ('W','Weekend');

1 row created.

SQL> 
SQL> COMMIT ;

Commit complete.

SQL> 
SQL> INSERT INTO AGENTTYPE_rmk
  2  VALUES ('FD','Front Desk');

1 row created.

SQL> 
SQL> INSERT INTO AGENTTYPE_rmk
  2  VALUES ('T','Telephone');

1 row created.

SQL> 
SQL> INSERT INTO AGENTTYPE_rmk
  2  VALUES ('RC','Online Res Center');

1 row created.

SQL> 
SQL> COMMIT ;

Commit complete.

SQL> 
SQL> INSERT INTO ROOMTYPE_rmk
  2  VALUES ('K','King Bed');

1 row created.

SQL> 
SQL> INSERT INTO ROOMTYPE_rmk
  2  VALUES ('D','2 Double Beds');

1 row created.

SQL> 
SQL> INSERT INTO ROOMTYPE_rmk
  2  VALUES ('KS','King Suite');

1 row created.

SQL> 
SQL> 
SQL> COMMIT ;

Commit complete.

SQL> 
SQL> INSERT INTO ROOM_rmk
  2  VALUES (224,'K');

1 row created.

SQL> 
SQL> INSERT INTO ROOM_rmk
  2  VALUES (225,'D');

1 row created.

SQL> 
SQL> INSERT INTO ROOM_rmk
  2  VALUES (305,'D');

1 row created.

SQL> 
SQL> INSERT INTO ROOM_rmk
  2  VALUES (409,'D');

1 row created.

SQL> 
SQL> INSERT INTO ROOM_rmk
  2  VALUES (320,'D');

1 row created.

SQL> 
SQL> INSERT INTO ROOM_rmk
  2  VALUES (321,'K');

1 row created.

SQL> 
SQL> --INSERT INTO ROOM_rmk
SQL> --VALUES (301,'K');
SQL> 
SQL> INSERT INTO ROOM_rmk
  2  VALUES (501,'KS');

1 row created.

SQL> 
SQL> INSERT INTO ROOM_rmk
  2  VALUES (502,'KS');

1 row created.

SQL> 
SQL> INSERT INTO ROOM_rmk
  2  VALUES (302,'K');

1 row created.

SQL> 
SQL> 
SQL> COMMIT ;

Commit complete.

SQL> 
SQL> INSERT INTO AGENT_rmk
  2  VALUES (20,'Megan','Smith','FD');

1 row created.

SQL> 
SQL> INSERT INTO AGENT_rmk
  2  VALUES (5,'Janice','May','T');

1 row created.

SQL> 
SQL> INSERT INTO AGENT_rmk
  2  VALUES (14,'John','King','RC');

1 row created.

SQL> 
SQL> INSERT INTO AGENT_rmk
  2  VALUES (28,'Ray','Schultz','T');

1 row created.

SQL> 
SQL> COMMIT ;

Commit complete.

SQL> 
SQL> INSERT INTO CUSTOMER_rmk
  2  VALUES (85,'Wesley','Tanner','8175551193','C',323);

1 row created.

SQL> 
SQL> INSERT INTO CUSTOMER_rmk
  2  VALUES (100,'Breanna','Rhodes','2145559191','I',129);

1 row created.

SQL> 
SQL> INSERT INTO CUSTOMER_rmk
  2  VALUES (15,'Jeff','Miner',NULL,'I',NULL);

1 row created.

SQL> 
SQL> INSERT INTO CUSTOMER_rmk
  2  VALUES (77,'Kim','Jackson','8175554911','C',210);

1 row created.

SQL> 
SQL> INSERT INTO CUSTOMER_rmk
  2  VALUES (119,'Mary','Vaughn','8175552334','I',118);

1 row created.

SQL> 
SQL> INSERT INTO CUSTOMER_rmk
  2  VALUES (97,'Chris','Mancha','4695553440','I',153);

1 row created.

SQL> 
SQL> INSERT INTO CUSTOMER_rmk
  2  VALUES (28,'Renee','Walker','2145559285','I',135);

1 row created.

SQL> 
SQL> INSERT INTO CUSTOMER_rmk
  2  VALUES (23,'Shelby','Day',NULL,'I',NULL);

1 row created.

SQL> 
SQL> INSERT INTO CUSTOMER_rmk
  2  VALUES (120,'Amanda','Green',NULL,'I',NULL);

1 row created.

SQL> 
SQL> COMMIT ;

Commit complete.

SQL> 
SQL> INSERT INTO RESERVATION_rmk
  2  VALUES (1001,'5-SEP-2020','7-SEP-2020',85,20,2,'C');

1 row created.

SQL> 
SQL> INSERT INTO RESERVATION_rmk
  2  VALUES (1002,'1-SEP-2020','10-SEP-2020',100,5,4,'S');

1 row created.

SQL> 
SQL> INSERT INTO RESERVATION_rmk
  2  VALUES (1003,'9-SEP-2020','11-SEP-2020',15,14,3,'W');

1 row created.

SQL> 
SQL> INSERT INTO RESERVATION_rmk
  2  VALUES (1004,'12-SEP-2020','14-SEP-2020',77,28,4,'C');

1 row created.

SQL> 
SQL> INSERT INTO RESERVATION_rmk
  2  VALUES (1005,'15-SEP-2020','18-SEP-2020',119,20,1,'S');

1 row created.

SQL> 
SQL> INSERT INTO RESERVATION_rmk
  2  VALUES (1006,'24-SEP-2020','24-SEP-2020',97,14,2,'W');

1 row created.

SQL> 
SQL> INSERT INTO RESERVATION_rmk
  2  VALUES (1007,'20-SEP-2020','25-SEP-2020',100,20,2,'S');

1 row created.

SQL> 
SQL> INSERT INTO RESERVATION_rmk
  2  VALUES (1008,'1-OCT-2020','3-OCT-2020',85,5,3,'W');

1 row created.

SQL> 
SQL> INSERT INTO RESERVATION_rmk
  2  VALUES (1009,'1-OCT-2020','4-OCT-2020',28,14,2,'W');

1 row created.

SQL> 
SQL> INSERT INTO RESERVATION_rmk
  2  VALUES (1010,'1-OCT-2020','9-OCT-2020',23,28,4,'W');

1 row created.

SQL> 
SQL> 
SQL> COMMIT ;

Commit complete.

SQL> 
SQL> INSERT INTO RESDETAIL_rmk
  2  VALUES (1001,224,120);

1 row created.

SQL> 
SQL> INSERT INTO RESDETAIL_rmk
  2  VALUES (1001,225,125);

1 row created.

SQL> 
SQL> INSERT INTO RESDETAIL_rmk
  2  VALUES (1002,305,149);

1 row created.

SQL> 
SQL> INSERT INTO RESDETAIL_rmk
  2  VALUES (1003,409,99);

1 row created.

SQL> 
SQL> INSERT INTO RESDETAIL_rmk
  2  VALUES (1004,320,110);

1 row created.

SQL> 
SQL> INSERT INTO RESDETAIL_rmk
  2  VALUES (1004,321,112);

1 row created.

SQL> 
SQL> INSERT INTO RESDETAIL_rmk
  2  VALUES (1004,409,105);

1 row created.

SQL> 
SQL> INSERT INTO RESDETAIL_rmk
  2  VALUES (1005,302,129);

1 row created.

SQL> 
SQL> INSERT INTO RESDETAIL_rmk
  2  VALUES (1006,501,119);

1 row created.

SQL> 
SQL> INSERT INTO RESDETAIL_rmk
  2  VALUES (1006,502,119);

1 row created.

SQL> 
SQL> INSERT INTO RESDETAIL_rmk
  2  VALUES (1007,302,139);

1 row created.

SQL> 
SQL> INSERT INTO RESDETAIL_rmk
  2  VALUES (1008,320,89);

1 row created.

SQL> 
SQL> INSERT INTO RESDETAIL_rmk
  2  VALUES (1008,321,99);

1 row created.

SQL> 
SQL> INSERT INTO RESDETAIL_rmk
  2  VALUES (1009,502,129);

1 row created.

SQL> 
SQL> INSERT INTO RESDETAIL_rmk
  2  VALUES (1009,409,129);

1 row created.

SQL> 
SQL> INSERT INTO RESDETAIL_rmk
  2  VALUES (1010,225,109);

1 row created.

SQL> 
SQL> 
SQL> COMMIT ;

Commit complete.

SQL> 
SQL> --IIB
SQL> 
SQL> SELECT * FROM CUSTTYPE_rmk ;

C CUSTDESC                                                                      
- ---------------                                                               
C Corporate                                                                     
I Individual                                                                    

SQL> SELECT * FROM RATETYPE_rmk ;

R RATEDESC                                                                      
- ---------------                                                               
C Corporate                                                                     
S Standard                                                                      
W Weekend                                                                       

SQL> SELECT * FROM AGENTTYPE_rmk ;

AG AGENTDESC                                                                    
-- --------------------                                                         
FD Front Desk                                                                   
T  Telephone                                                                    
RC Online Res Center                                                            

SQL> SELECT * FROM ROOMTYPE_rmk ;

RO ROOMDESC                                                                     
-- ---------------                                                              
K  King Bed                                                                     
D  2 Double Beds                                                                
KS King Suite                                                                   

SQL> SELECT * FROM ROOM_rmk ;

   ROOMNUM RO                                                                   
---------- --                                                                   
       224 K                                                                    
       225 D                                                                    
       305 D                                                                    
       409 D                                                                    
       320 D                                                                    
       321 K                                                                    
       501 KS                                                                   
       502 KS                                                                   
       302 K                                                                    

9 rows selected.

SQL> SELECT * FROM AGENT_rmk ;

   AGENTID AGENTFNAME      AGENTLNAME      AG                                   
---------- --------------- --------------- --                                   
        20 Megan           Smith           FD                                   
         5 Janice          May             T                                    
        14 John            King            RC                                   
        28 Ray             Schultz         T                                    

SQL> SELECT * FROM CUSTOMER_rmk ;

    CUSTID CUSTFNAME       CUSTLNAME       CUSTPHONE  C  LOYALTYID              
---------- --------------- --------------- ---------- - ----------              
        85 Wesley          Tanner          8175551193 C        323              
       100 Breanna         Rhodes          2145559191 I        129              
        15 Jeff            Miner                      I                         
        77 Kim             Jackson         8175554911 C        210              
       119 Mary            Vaughn          8175552334 I        118              
        97 Chris           Mancha          4695553440 I        153              
        28 Renee           Walker          2145559285 I        135              
        23 Shelby          Day                        I                         
       120 Amanda          Green                      I                         

9 rows selected.

SQL> SELECT * FROM RESERVATION_rmk ;

    RESNUM CHECKIN   CHECKOUT      CUSTID    AGENTID GUESTCOUNT RA              
---------- --------- --------- ---------- ---------- ---------- --              
      1001 05-SEP-20 07-SEP-20         85         20          2 C               
      1002 01-SEP-20 10-SEP-20        100          5          4 S               
      1003 09-SEP-20 11-SEP-20         15         14          3 W               
      1004 12-SEP-20 14-SEP-20         77         28          4 C               
      1005 15-SEP-20 18-SEP-20        119         20          1 S               
      1006 24-SEP-20 24-SEP-20         97         14          2 W               
      1007 20-SEP-20 25-SEP-20        100         20          2 S               
      1008 01-OCT-20 03-OCT-20         85          5          3 W               
      1009 01-OCT-20 04-OCT-20         28         14          2 W               
      1010 01-OCT-20 09-OCT-20         23         28          4 W               

10 rows selected.

SQL> SELECT * FROM RESDETAIL_rmk ;

    RESNUM    ROOMNUM    RATEAMT                                                
---------- ---------- ----------                                                
      1001        224        120                                                
      1001        225        125                                                
      1002        305        149                                                
      1003        409         99                                                
      1004        320        110                                                
      1004        321        112                                                
      1004        409        105                                                
      1005        302        129                                                
      1006        501        119                                                
      1006        502        119                                                
      1007        302        139                                                

    RESNUM    ROOMNUM    RATEAMT                                                
---------- ---------- ----------                                                
      1008        320         89                                                
      1008        321         99                                                
      1009        502        129                                                
      1009        409        129                                                
      1010        225        109                                                

16 rows selected.

SQL> 
SQL> --III
SQL> 
SQL> UPDATE CUSTOMER_rmk
  2    SET CustPhone = '2145551234'
  3  WHERE CustID = 100 ;

1 row updated.

SQL> 
SQL> --INSERT INTO CUSTOMER_rmk
SQL> --VALUES (120,'Amanda','Green',NULL,'I',NULL);
SQL> 
SQL> --COMMIT ;
SQL> 
SQL> INSERT INTO ROOMTYPE_rmk
  2  VALUES ('DS','Double Suite');

1 row created.

SQL> 
SQL> INSERT INTO ROOM_rmk
  2  VALUES (226,'KS');

1 row created.

SQL> 
SQL> INSERT INTO ROOM_rmk
  2  VALUES (227,'D');

1 row created.

SQL> 
SQL> INSERT INTO ROOM_rmk
  2  VALUES (410,'DS');

1 row created.

SQL> 
SQL> UPDATE RESERVATION_rmk
  2    SET CheckIn = '9-OCT-2020', CheckOut = '12-OCT-2020'
  3  WHERE ResNum=1010 ;

1 row updated.

SQL> 
SQL> INSERT INTO RESERVATION_rmk
  2  VALUES (1011,'3-OCT-2020','6-oct-2020',120,5,3,'S');

1 row created.

SQL> 
SQL> INSERT INTO RESDETAIL_rmk
  2  VALUES (1011,226,159);

1 row created.

SQL> 
SQL> INSERT INTO RESDETAIL_rmk
  2  VALUES (1011,227,149);

1 row created.

SQL> 
SQL> INSERT INTO RESDETAIL_rmk
  2  VALUES (1003,410,129);

1 row created.

SQL> 
SQL> UPDATE RESDETAIL_rmk
  2    SET RateAmt= 129
  3  WHERE ResNum=1005;

1 row updated.

SQL> 
SQL> COMMIT ;

Commit complete.

SQL> 
SQL> --IV
SQL> 
SQL> SELECT * FROM CUSTTYPE_rmk
  2    ORDER BY CustType ;

C CUSTDESC                                                                      
- ---------------                                                               
C Corporate                                                                     
I Individual                                                                    

SQL> SELECT * FROM RATETYPE_rmk
  2    ORDER BY RateType ;

R RATEDESC                                                                      
- ---------------                                                               
C Corporate                                                                     
S Standard                                                                      
W Weekend                                                                       

SQL> SELECT * FROM AGENTTYPE_rmk
  2    ORDER BY AgentType ;

AG AGENTDESC                                                                    
-- --------------------                                                         
FD Front Desk                                                                   
RC Online Res Center                                                            
T  Telephone                                                                    

SQL> SELECT * FROM ROOMTYPE_rmk
  2    ORDER BY RoomType ;

RO ROOMDESC                                                                     
-- ---------------                                                              
D  2 Double Beds                                                                
DS Double Suite                                                                 
K  King Bed                                                                     
KS King Suite                                                                   

SQL> SELECT * FROM ROOM_rmk
  2    ORDER BY RoomNum ;

   ROOMNUM RO                                                                   
---------- --                                                                   
       224 K                                                                    
       225 D                                                                    
       226 KS                                                                   
       227 D                                                                    
       302 K                                                                    
       305 D                                                                    
       320 D                                                                    
       321 K                                                                    
       409 D                                                                    
       410 DS                                                                   
       501 KS                                                                   

   ROOMNUM RO                                                                   
---------- --                                                                   
       502 KS                                                                   

12 rows selected.

SQL> SELECT * FROM AGENT_rmk
  2    ORDER BY AgentID ;

   AGENTID AGENTFNAME      AGENTLNAME      AG                                   
---------- --------------- --------------- --                                   
         5 Janice          May             T                                    
        14 John            King            RC                                   
        20 Megan           Smith           FD                                   
        28 Ray             Schultz         T                                    

SQL> SELECT * FROM CUSTOMER_rmk
  2    ORDER BY CustID ;

    CUSTID CUSTFNAME       CUSTLNAME       CUSTPHONE  C  LOYALTYID              
---------- --------------- --------------- ---------- - ----------              
        15 Jeff            Miner                      I                         
        23 Shelby          Day                        I                         
        28 Renee           Walker          2145559285 I        135              
        77 Kim             Jackson         8175554911 C        210              
        85 Wesley          Tanner          8175551193 C        323              
        97 Chris           Mancha          4695553440 I        153              
       100 Breanna         Rhodes          2145551234 I        129              
       119 Mary            Vaughn          8175552334 I        118              
       120 Amanda          Green                      I                         

9 rows selected.

SQL> SELECT * FROM RESERVATION_rmk
  2    ORDER BY ResNum ;

    RESNUM CHECKIN   CHECKOUT      CUSTID    AGENTID GUESTCOUNT RA              
---------- --------- --------- ---------- ---------- ---------- --              
      1001 05-SEP-20 07-SEP-20         85         20          2 C               
      1002 01-SEP-20 10-SEP-20        100          5          4 S               
      1003 09-SEP-20 11-SEP-20         15         14          3 W               
      1004 12-SEP-20 14-SEP-20         77         28          4 C               
      1005 15-SEP-20 18-SEP-20        119         20          1 S               
      1006 24-SEP-20 24-SEP-20         97         14          2 W               
      1007 20-SEP-20 25-SEP-20        100         20          2 S               
      1008 01-OCT-20 03-OCT-20         85          5          3 W               
      1009 01-OCT-20 04-OCT-20         28         14          2 W               
      1010 09-OCT-20 12-OCT-20         23         28          4 W               
      1011 03-OCT-20 06-OCT-20        120          5          3 S               

11 rows selected.

SQL> SELECT * FROM RESDETAIL_rmk
  2    ORDER BY ResNum, RoomNum;

    RESNUM    ROOMNUM    RATEAMT                                                
---------- ---------- ----------                                                
      1001        224        120                                                
      1001        225        125                                                
      1002        305        149                                                
      1003        409         99                                                
      1003        410        129                                                
      1004        320        110                                                
      1004        321        112                                                
      1004        409        105                                                
      1005        302        129                                                
      1006        501        119                                                
      1006        502        119                                                

    RESNUM    ROOMNUM    RATEAMT                                                
---------- ---------- ----------                                                
      1007        302        139                                                
      1008        320         89                                                
      1008        321         99                                                
      1009        409        129                                                
      1009        502        129                                                
      1010        225        109                                                
      1011        226        159                                                
      1011        227        149                                                

19 rows selected.

SQL> 
SQL> set echo off
